{
  "lang":"en",
  "name":"pipeline",
  "version":"0.0.0",
  "spacy_version":">=3.6.1,<3.7.0",
  "description":"",
  "author":"",
  "email":"",
  "url":"",
  "license":"",
  "spacy_git_version":"458bc5f45",
  "vectors":{
    "width":0,
    "vectors":0,
    "keys":0,
    "name":null,
    "mode":"default"
  },
  "labels":{
    "tok2vec":[

    ],
    "ner":[
      "0",
      "B-DES",
      "B-EMAIL",
      "B-NAME",
      "B-ORG",
      "B-PHOE",
      "B-PHONE",
      "B-WEB",
      "DES",
      "EMAIL",
      "I-DE",
      "I-DES",
      "I-EMAIL",
      "I-NAME",
      "I-OR",
      "I-ORG",
      "I-PHONE",
      "I-WEB",
      "NAME",
      "ORG",
      "PHONE",
      "WEB"
    ]
  },
  "pipeline":[
    "tok2vec",
    "ner"
  ],
  "components":[
    "tok2vec",
    "ner"
  ],
  "disabled":[

  ],
  "performance":{
    "ents_f":0.7087264151,
    "ents_p":0.729368932,
    "ents_r":0.6892201835,
    "ents_per_type":{
      "B-ORG":{
        "p":0.5441176471,
        "r":0.5,
        "f":0.5211267606
      },
      "I-ORG":{
        "p":0.6956521739,
        "r":0.6787878788,
        "f":0.6871165644
      },
      "B-PHONE":{
        "p":0.784,
        "r":0.7596899225,
        "f":0.7716535433
      },
      "I-PHONE":{
        "p":0.6759259259,
        "r":0.7373737374,
        "f":0.7053140097
      },
      "B-WEB":{
        "p":0.9666666667,
        "r":0.7631578947,
        "f":0.8529411765
      },
      "I-NAME":{
        "p":0.9382716049,
        "r":0.8260869565,
        "f":0.8786127168
      },
      "B-EMAIL":{
        "p":0.8039215686,
        "r":0.8723404255,
        "f":0.8367346939
      },
      "I-DES":{
        "p":0.6144578313,
        "r":0.5425531915,
        "f":0.5762711864
      },
      "B-NAME":{
        "p":0.8039215686,
        "r":0.7192982456,
        "f":0.7592592593
      },
      "B-DES":{
        "p":0.6271186441,
        "r":0.6166666667,
        "f":0.6218487395
      },
      "I0O":{
        "p":0.0,
        "r":0.0,
        "f":0.0
      },
      "I-EMAIL":{
        "p":0.8571428571,
        "r":0.6666666667,
        "f":0.75
      },
      "I-WEB":{
        "p":0.0,
        "r":0.0,
        "f":0.0
      },
      "NAME":{
        "p":0.0,
        "r":0.0,
        "f":0.0
      },
      "PHONE":{
        "p":0.0,
        "r":0.0,
        "f":0.0
      }
    },
    "tok2vec_loss":929.7931297738,
    "ner_loss":440.3298858038
  }
}