{
  "lang":"en",
  "name":"pipeline",
  "version":"0.0.0",
  "spacy_version":">=3.6.1,<3.7.0",
  "description":"",
  "author":"",
  "email":"",
  "url":"",
  "license":"",
  "spacy_git_version":"458bc5f45",
  "vectors":{
    "width":0,
    "vectors":0,
    "keys":0,
    "name":null,
    "mode":"default"
  },
  "labels":{
    "tok2vec":[

    ],
    "ner":[
      "0",
      "B-DES",
      "B-EMAIL",
      "B-NAME",
      "B-ORG",
      "B-PHOE",
      "B-PHONE",
      "B-WEB",
      "DES",
      "EMAIL",
      "I-DE",
      "I-DES",
      "I-EMAIL",
      "I-NAME",
      "I-OR",
      "I-ORG",
      "I-PHONE",
      "I-WEB",
      "NAME",
      "ORG",
      "PHONE",
      "WEB"
    ]
  },
  "pipeline":[
    "tok2vec",
    "ner"
  ],
  "components":[
    "tok2vec",
    "ner"
  ],
  "disabled":[

  ],
  "performance":{
    "ents_f":0.6745796241,
    "ents_p":0.666015625,
    "ents_r":0.6833667335,
    "ents_per_type":{
      "I-ORG":{
        "p":0.6210526316,
        "r":0.6704545455,
        "f":0.6448087432
      },
      "B-NAME":{
        "p":0.6129032258,
        "r":0.5135135135,
        "f":0.5588235294
      },
      "I-NAME":{
        "p":0.7121212121,
        "r":0.7704918033,
        "f":0.7401574803
      },
      "B-DES":{
        "p":0.5,
        "r":0.487804878,
        "f":0.4938271605
      },
      "B-EMAIL":{
        "p":0.8857142857,
        "r":0.96875,
        "f":0.9253731343
      },
      "B-WEB":{
        "p":0.7777777778,
        "r":0.6363636364,
        "f":0.7
      },
      "B-ORG":{
        "p":0.5625,
        "r":0.4615384615,
        "f":0.5070422535
      },
      "B-PHONE":{
        "p":0.8382352941,
        "r":0.7808219178,
        "f":0.8085106383
      },
      "I-DES":{
        "p":0.4285714286,
        "r":0.5625,
        "f":0.4864864865
      },
      "I-PHONE":{
        "p":0.75,
        "r":0.9375,
        "f":0.8333333333
      },
      "EMAIL":{
        "p":0.0,
        "r":0.0,
        "f":0.0
      },
      "ORG":{
        "p":0.0,
        "r":0.0,
        "f":0.0
      },
      "I-EMAIL":{
        "p":1.0,
        "r":1.0,
        "f":1.0
      },
      "NAME":{
        "p":0.0,
        "r":0.0,
        "f":0.0
      },
      "I-WEB":{
        "p":0.0,
        "r":0.0,
        "f":0.0
      }
    },
    "tok2vec_loss":1045.0438079299,
    "ner_loss":450.5677027356
  }
}