{
  "lang":"en",
  "name":"pipeline",
  "version":"0.0.0",
  "spacy_version":">=3.6.1,<3.7.0",
  "description":"",
  "author":"",
  "email":"",
  "url":"",
  "license":"",
  "spacy_git_version":"458bc5f45",
  "vectors":{
    "width":0,
    "vectors":0,
    "keys":0,
    "name":null,
    "mode":"default"
  },
  "labels":{
    "tok2vec":[

    ],
    "ner":[
      "0",
      "B-DES",
      "B-EMAIL",
      "B-NAME",
      "B-ORG",
      "B-PHOE",
      "B-PHONE",
      "B-WEB",
      "DES",
      "EMAIL",
      "I-DE",
      "I-DES",
      "I-EMAIL",
      "I-NAME",
      "I-OR",
      "I-ORG",
      "I-PHONE",
      "I-WEB",
      "NAME",
      "ORG",
      "PHONE",
      "WEB"
    ]
  },
  "pipeline":[
    "tok2vec",
    "ner"
  ],
  "components":[
    "tok2vec",
    "ner"
  ],
  "disabled":[

  ],
  "performance":{
    "ents_f":0.6949654492,
    "ents_p":0.6848249027,
    "ents_r":0.7054108216,
    "ents_per_type":{
      "I-ORG":{
        "p":0.62,
        "r":0.7045454545,
        "f":0.6595744681
      },
      "B-NAME":{
        "p":0.7352941176,
        "r":0.6756756757,
        "f":0.7042253521
      },
      "I-NAME":{
        "p":0.8461538462,
        "r":0.7213114754,
        "f":0.7787610619
      },
      "B-EMAIL":{
        "p":0.8888888889,
        "r":1.0,
        "f":0.9411764706
      },
      "B-WEB":{
        "p":0.7647058824,
        "r":0.5909090909,
        "f":0.6666666667
      },
      "B-ORG":{
        "p":0.5277777778,
        "r":0.4871794872,
        "f":0.5066666667
      },
      "B-PHONE":{
        "p":0.8378378378,
        "r":0.8493150685,
        "f":0.843537415
      },
      "B-DES":{
        "p":0.5405405405,
        "r":0.487804878,
        "f":0.5128205128
      },
      "I-PHONE":{
        "p":0.8571428571,
        "r":0.875,
        "f":0.8659793814
      },
      "EMAIL":{
        "p":0.0,
        "r":0.0,
        "f":0.0
      },
      "I-DES":{
        "p":0.3918918919,
        "r":0.6041666667,
        "f":0.4754098361
      },
      "ORG":{
        "p":0.0,
        "r":0.0,
        "f":0.0
      },
      "I-EMAIL":{
        "p":0.8,
        "r":1.0,
        "f":0.8888888889
      },
      "NAME":{
        "p":0.0,
        "r":0.0,
        "f":0.0
      },
      "I-WEB":{
        "p":0.0,
        "r":0.0,
        "f":0.0
      }
    },
    "tok2vec_loss":778.0347269934,
    "ner_loss":527.0483165615
  }
}