{
  "lang":"en",
  "name":"pipeline",
  "version":"0.0.0",
  "spacy_version":">=3.6.1,<3.7.0",
  "description":"",
  "author":"",
  "email":"",
  "url":"",
  "license":"",
  "spacy_git_version":"458bc5f45",
  "vectors":{
    "width":0,
    "vectors":0,
    "keys":0,
    "name":null,
    "mode":"default"
  },
  "labels":{
    "tok2vec":[

    ],
    "ner":[
      "0",
      "B-DES",
      "B-EMAIL",
      "B-NAME",
      "B-ORG",
      "B-PHOE",
      "B-PHONE",
      "B-WEB",
      "DES",
      "EMAIL",
      "I-DE",
      "I-DES",
      "I-EMAIL",
      "I-NAME",
      "I-OR",
      "I-ORG",
      "I-PHONE",
      "I-WEB",
      "NAME",
      "ORG",
      "PHONE",
      "WEB"
    ]
  },
  "pipeline":[
    "tok2vec",
    "ner"
  ],
  "components":[
    "tok2vec",
    "ner"
  ],
  "disabled":[

  ],
  "performance":{
    "ents_f":0.7314148681,
    "ents_p":0.7663316583,
    "ents_r":0.6995412844,
    "ents_per_type":{
      "B-ORG":{
        "p":0.5573770492,
        "r":0.4594594595,
        "f":0.5037037037
      },
      "I-ORG":{
        "p":0.7450980392,
        "r":0.6909090909,
        "f":0.7169811321
      },
      "B-PHONE":{
        "p":0.711409396,
        "r":0.8217054264,
        "f":0.7625899281
      },
      "I-PHONE":{
        "p":0.8148148148,
        "r":0.6666666667,
        "f":0.7333333333
      },
      "B-WEB":{
        "p":0.9655172414,
        "r":0.7368421053,
        "f":0.8358208955
      },
      "I-NAME":{
        "p":0.9277108434,
        "r":0.8369565217,
        "f":0.88
      },
      "B-EMAIL":{
        "p":0.8163265306,
        "r":0.8510638298,
        "f":0.8333333333
      },
      "I-DES":{
        "p":0.8095238095,
        "r":0.5425531915,
        "f":0.6496815287
      },
      "B-NAME":{
        "p":0.8269230769,
        "r":0.7543859649,
        "f":0.7889908257
      },
      "B-DES":{
        "p":0.6818181818,
        "r":0.75,
        "f":0.7142857143
      },
      "I0O":{
        "p":0.0,
        "r":0.0,
        "f":0.0
      },
      "I-EMAIL":{
        "p":0.75,
        "r":0.6666666667,
        "f":0.7058823529
      },
      "0":{
        "p":0.0,
        "r":0.0,
        "f":0.0
      },
      "I-WEB":{
        "p":0.0,
        "r":0.0,
        "f":0.0
      },
      "NAME":{
        "p":0.0,
        "r":0.0,
        "f":0.0
      },
      "PHONE":{
        "p":0.0,
        "r":0.0,
        "f":0.0
      }
    },
    "tok2vec_loss":940.097976042,
    "ner_loss":586.1501769106
  }
}